{
    "loss": 4.097405910491943,
    "accuracy": 0.42553192377090454
}