{
    "loss": 1.147497296333313,
    "accuracy": 0.8945035338401794
}