{
    "loss": 0.3524785041809082,
    "accuracy": 0.9476950168609619
}